{"cameraMode":{"drawMode":0,"name":"Shaded","section":"Shading Mode"},"sceneLighting":true,"audioPlay":false,"sceneViewState":{"m_AlwaysRefresh":false,"showFog":true,"showSkybox":true,"showFlares":true,"showImageEffects":true,"showParticleSystems":true,"showVisualEffectGraphs":true,"m_FxEnabled":true},"in2DMode":false,"pivot":{"x":0.091513991355896,"y":0.8581818342208862,"z":-7.255383014678955},"rotation":{"x":-0.06783707439899445,"y":0.6192978024482727,"z":0.053803227841854098,"w":0.7803885340690613},"size":0.8660253882408142,"orthographic":false}