{"cameraMode":{"drawMode":0,"name":"Shaded","section":"Shading Mode"},"sceneLighting":false,"audioPlay":false,"sceneViewState":{"m_AlwaysRefresh":false,"showFog":true,"showSkybox":false,"showFlares":true,"showImageEffects":true,"showParticleSystems":true,"showVisualEffectGraphs":true,"m_FxEnabled":true},"in2DMode":false,"pivot":{"x":-0.0114113325253129,"y":0.9999983310699463,"z":-3.0001206398010256},"rotation":{"x":-0.033725883811712268,"y":0.8068675398826599,"z":-0.046295009553432468,"w":-0.587928295135498},"size":0.7330126166343689,"orthographic":false}